block,chemsys,metal_1,metal_2,ligand,source,delta_E,dip_x,dip_y,baseline_y,left_anchor,right_anchor,n_points,dip_method,material_id,formula,crystal_system,space_group_symbol,space_group_number,energy_above_hull,formation_energy,predicted_stable,band_gap,is_metal,density,n_sites,cell_volume,volume_per_atom,sphere_volume_sum,packing_fraction,packing_percent,pair
s-block,Ca-Ba-O,Ca,Ba,O,BaCa3O4_1019541_POSCAR,-0.0636623686656744,7.662369,-0.086099592256505,-0.0224372235908305,6.6407198,12.5152027,35,local_max_drop,mp-1019541,BaCa3O4,Cubic,Pm-3m,221,0.18143897125,-3.003986249999999,False,2.335099999999999,False,4.005842001344047,8,133.2954762873941,16.661934535924264,114.95584728882362,0.8624137179342155,86.24137179342155,Ba-Ca
s-block,Cs-Ba-O,Cs,Ba,O,Cs2Ba2O3_752539_POSCAR,-0.0757761346335604,12.11396025,-0.10804187658479,-0.0322657419512295,9.34505505,16.95954435,35,local_max_drop,mp-752539,Cs2Ba2O3,Monoclinic,P2_1/c,14,0.081643138571426,-2.037686927758621,False,1.451099999999999,False,4.7790896102979215,14,408.9339405726099,29.20956718375785,417.143236083258,1.0200748695477635,102.00748695477635,Ba-Cs
s-block,Li-Ba-O,Li,Ba,O,BaLi4O3_1178558_POSCAR,-0.2843296271860232,9.268275237,-0.37955364050238,-0.0952240133163567,7.9052935845,13.3572201945,35,local_max_drop,mp-1178558,BaLi4O3,Orthorhombic,Cmce,64,0.08772889375,-2.164380218541667,False,3.4693,False,3.848050029283198,32,367.8153237745356,11.494228867954238,321.5226726393299,0.8741415918723868,87.41415918723868,Ba-Li
s-block,Mg-Ba-O,Mg,Ba,O,BaMgO2_756018_POSCAR,-0.0726752665787847,8.963161515,-0.10274986078431,-0.0300745942055252,7.768073313,14.6398304745,35,local_max_drop,mp-756018,BaMgO2,Trigonal,P3_121,152,0.037724884166666,-2.893251054583333,False,3.1602,False,4.561553749238541,12,211.461834753652,17.62181956280433,167.34118012672786,0.7913540536602095,79.13540536602095,Ba-Mg
s-block,Na-Ba-O,Na,Ba,O,Ba2NaO_1019519_POSCAR,-0.0636297924539813,11.406530241,-0.088528244170813,-0.0248984517168316,9.716673909,20.700740067,35,local_max_drop,mp-1019519,Ba2NaO,Orthorhombic,Cmme,67,0.0,-1.448841951594827,True,0.0,True,2.855418573709402,8,364.7918664448433,45.598983305605415,207.2491248205934,0.5681297854592642,56.81297854592642,Ba-Na
s-block,Sr-Ba-O,Sr,Ba,O,BaSr3O4_984729_POSCAR,-0.0705232647300662,7.9915425,-0.093185634254558,-0.0226623695244917,6.65961875,13.05285275,35,local_max_drop,mp-984729,BaSr3O4,Cubic,Pm-3m,221,0.044253557499999,-2.968374765,False,2.5199,False,5.097083665801495,8,151.22307439952326,18.902884299940407,139.62487687550143,0.9233040488690236,92.33040488690236,Ba-Sr
s-block,Be-Ca-O,Be,Ca,O,Ca12Be17O29_27407_POSCAR,-0.2312645271420709,13.3716051109,-0.34891655068416,-0.117652023542089,11.2148946091,21.1357629172,35,local_max_drop,mp-27407,Ca12Be17O29,Cubic,F-43m,216,0.006200534051721,-3.180722960862069,False,3.7478,False,2.608870434415032,58,698.9540734331754,12.05093230057199,371.9612526631888,0.53216837386205,53.21683738620499,Be-Ca
s-block,Cs-Be-O,Cs,Be,O,Cs2BeO2_755292_POSCAR,-0.0867891696344367,15.0559578415,-0.12652565616017,-0.0397364865257332,13.4282867235,19.9389711955,35,local_max_drop,mp-755292,Cs2BeO2,Monoclinic,P2_1/c,14,0.0,-2.017852933362068,True,3.1264,False,4.623904553882648,20,440.7441564738446,22.03720782369223,511.2551816021909,1.159981758334511,115.99817583345109,Be-Cs
s-block,K-Be-O,K,Be,O,K2Be2O3_754587_POSCAR,-0.0602922974007852,13.1004768,-0.090892939859918,-0.0306006424591327,11.4629172,20.0601051,35,local_max_drop,mp-754587,K2Be2O3,Monoclinic,P2_1/c,14,0.036247833928569,-2.3798153499285712,False,3.2855,False,2.023637446228528,14,236.6842504142422,16.906017886731586,162.21353124060144,0.6853583665017722,68.53583665017722,Be-K
s-block,Na-Be-O,Na,Be,O,Na2Be2O3_755789_POSCAR,-0.057107620045655,10.903197,-0.093349126037952,-0.0362415059922969,9.8128773,17.8085551,35,local_max_drop,mp-755789,Na2Be2O3,Monoclinic,P2_1/c,14,0.095560400499996,-2.34413358682266,False,3.0523,False,1.891965247181159,14,196.60389337301544,14.043135240929674,98.69252164915343,0.5019866084844244,50.19866084844245,Be-Na
s-block,Rb-Be-O,Rb,Be,O,Rb2Be2O3_1345479_POSCAR,-0.074320818346162,14.0185822,-0.13423482886429,-0.0599140105181279,12.8819404,18.5651494,35,local_max_drop,mp-1345479,Rb2Be2O3,Tetragonal,P4_12_12,92,0.031245933214285,-2.346477464642857,False,3.6315,False,3.708310170957122,28,424.4286700216904,15.158166786488945,400.9168178740822,0.9446035251426192,94.46035251426191,Be-Rb
s-block,Be-Sr-O,Be,Sr,O,SrBe3O4_27791_POSCAR,-0.0564663187782247,7.117133543,-0.092905335755273,-0.0364390169770482,5.969208778,11.249662697,35,local_max_drop,mp-27791,SrBe3O4,Hexagonal,P-62c,190,0.0,-3.112535916875,True,4.1295,False,3.641867279149913,16,162.9176276603905,10.182351728774409,93.98863591288448,0.5769089401965036,57.690894019650365,Be-Sr
s-block,Cs-Ca-O,Cs,Ca,O,Cs2CaO2_753803_POSCAR,-0.0916648706838207,11.7715248,-0.14361021289939,-0.0519453422155692,9.4826172,16.0223532,35,local_max_drop,mp-753803,Cs2CaO2,Orthorhombic,Pbcn,60,0.093233114999999,-1.937322568862069,False,2.3181,False,4.366103274126179,20,514.0288234670413,25.701441173352062,587.776671269662,1.1434702577672655,114.34702577672655,Ca-Cs
s-block,Ca-Sr-O,Ca,Sr,O,SrCa3O4_978844_POSCAR,-0.0612419592001643,7.66614965,-0.085439090955807,-0.0241971317556426,6.67696905,12.11746235,35,local_max_drop,mp-978844,SrCa3O4,Cubic,Pm-3m,221,0.040153662499999,-3.208266763749999,False,3.3723,False,3.731162869927697,8,120.98646396705388,15.123307995881731,104.38543520704516,0.8627860653524896,86.27860653524895,Ca-Sr
s-block,Li-Cs-O,Li,Cs,O,CsLiO_1178393_POSCAR,-0.07339573758885,6.75261655,-0.10116468059241,-0.02776894300356,5.65759765,8.94265435,35,local_max_drop,mp-1178393,CsLiO,Orthorhombic,Pnma,62,0.058514978333334,-1.562407250996169,False,0.0,True,4.221117612319065,12,245.23185489288528,20.43598790774044,283.35376284204443,1.1554525123410675,115.54525123410676,Cs-Li
s-block,Cs-Mg-O,Cs,Mg,O,Cs2MgO2_1178409_POSCAR,-0.1677527347899395,12.2111766,-0.26056654100507,-0.0928138062151304,10.8543792,16.62076815,35,local_max_drop,mp-1178409,Cs2MgO2,Monoclinic,P2_1/c,14,0.0636705475,-1.859801047362069,False,2.0341,False,4.202925265140574,40,1018.1176506090076,25.45294126522519,1086.7994126126196,1.0674595533851403,106.74595533851404,Cs-Mg
s-block,Rb-Cs-O,Rb,Cs,O,CsRbO_754171_POSCAR,-0.0813441923487838,9.0721512,-0.10633092361193,-0.0249867312631461,8.3161386,12.3482058,35,local_max_drop,mp-754171,CsRbO,Orthorhombic,Pnma,62,0.064482956666668,-1.092224502385057,False,1.253599999999999,False,4.337845361616444,12,358.87396822976444,29.90616401914704,426.62459622211367,1.1887866883367053,118.87866883367052,Cs-Rb
s-block,Cs-Sr-O,Cs,Sr,O,Cs2Sr2O3_753801_POSCAR,-0.0808442073719472,12.7763262,-0.11935916914139,-0.0385149617694427,10.5216804,18.4129407,35,local_max_drop,mp-753801,Cs2Sr2O3,Monoclinic,P2_1/c,14,0.067239008571429,-2.196080097758621,False,2.394599999999999,False,4.471665701297922,14,363.21370911772055,25.94383636555147,374.8615877561441,1.0320689399822414,103.20689399822412,Cs-Sr
s-block,Li-K-O,Li,K,O,KLi2O3_1103121_POSCAR,-0.0789905275271748,10.4987337675,-0.10470413986515,-0.0257136123379752,9.2261599775,15.5890289275,35,local_max_drop,mp-1103121,KLi2O3,Monoclinic,P2_1/m,11,0.217223602916667,-1.312295557319444,False,0.000799999999999,False,2.078504618672116,12,161.34555846656843,13.44546320554737,112.44571894739558,0.6969247868740983,69.69247868740983,K-Li
s-block,Li-K-S,Li,K,S,KLiS_8430_POSCAR,-0.0559312829677578,6.898758064,-0.077299709933449,-0.0213684269656911,6.036413306,10.5637232855,35,local_max_drop,mp-8430,KLiS,Tetragonal,P4/nmm,129,0.0,-1.381854906027777,True,3.0571,False,2.009905336028247,6,129.05606955174886,21.50934492529148,97.34919338563924,0.7543170478053666,75.43170478053666,K-Li
s-block,K-Mg-O,K,Mg,O,K2MgO2_755802_POSCAR,-0.1014048476586742,9.791461764,-0.15993644361937,-0.0585315959606957,8.703521568,13.327267401,35,local_max_drop,mp-755802,K2MgO2,Orthorhombic,Pbcn,60,0.0,-1.965248261399999,True,2.7608,False,2.645966906733719,20,337.6356191076174,16.88178095538087,336.93065150797287,0.9979120461238428,99.79120461238426,K-Mg
s-block,Na-K-S,Na,K,S,KNaS_28383_POSCAR,-0.1010713229012991,7.416370912,-0.14630294377628,-0.0452316208749808,6.489324548,11.356317959,35,local_max_drop,mp-28383,KNaS,Orthorhombic,Pnma,62,0.0,-1.285839426354165,True,2.4851,False,2.096890130118769,12,298.2413766636039,24.853448055300323,236.20333286346,0.7919871330592783,79.19871330592782,K-Na
s-block,K-Rb-O,K,Rb,O,KRbO_756889_POSCAR,-0.0765062439209751,15.1072716695,-0.10449305325066,-0.0279868093296849,12.4412825514,21.7722444649,35,local_max_drop,mp-756889,KRbO,Tetragonal,I4/mmm,139,0.091884004166666,-1.091639200749999,False,0.0146,False,2.268898705538341,12,411.50273304316687,34.29189442026391,323.3900688229454,0.7858758711792605,78.58758711792605,K-Rb
s-block,K-Rb-S,K,Rb,S,KRbS_28760_POSCAR,-0.0990123655642354,8.2562585985,-0.13457882954997,-0.0355664639857346,7.2554999805,12.2592930705,35,local_max_drop,mp-28760,KRbS,Orthorhombic,Pnma,62,0.0080872775,-1.176483886583332,False,2.2214,False,2.657694592867013,12,391.4551525861434,32.62126271551195,337.9692201513477,0.8633663854430281,86.33663854430282,K-Rb
s-block,K-Sr-O,K,Sr,O,K2Sr2O3_756334_POSCAR,-0.1067479725891064,11.4558416,-0.14692248811594,-0.0401745155268335,10.0238614,17.54175745,35,local_max_drop,mp-756334,K2Sr2O3,Monoclinic,P2_1/c,14,0.05533240642857,-2.230971624928571,False,2.1927,False,3.121879415192686,14,320.6685426536332,22.904895903830944,271.62706035697585,0.8470648792337918,84.70648792337919,K-Sr
s-block,Li-Na-O,Li,Na,O,NaLiO_755144_POSCAR,-0.0590997654826328,5.699603158,-0.077746204143314,-0.0186464386606811,5.02906161,8.214133963,35,local_max_drop,mp-755144,NaLiO,Hexagonal,P6_3/mmc,194,0.069303446666666,-1.674364853237547,False,2.8819,False,2.326659196666336,6,65.5608182808961,10.926803046816016,58.29911292571404,0.8892371153137657,88.92371153137657,Li-Na
s-block,Li-Na-S,Li,Na,S,NaLiS_8452_POSCAR,-0.0587815826525869,6.013891455,-0.0846470418399,-0.025865459187313,5.212039261,9.8226893765,35,local_max_drop,mp-8452,NaLiS,Tetragonal,P4/nmm,129,0.0,-1.36703557407088,True,2.264199999999999,False,1.976851617557677,6,104.1518705187862,17.358645086464367,65.58868858991521,0.6297408607566464,62.97408607566464,Li-Na
s-block,Li-Rb-O,Li,Rb,O,RbLi2O3_1095542_POSCAR,-0.0696044569504817,9.2012432,-0.092864845704354,-0.0232603887538722,8.0510878,14.08940365,35,local_max_drop,mp-1095542,RbLi2O3,Monoclinic,P2_1/m,11,0.328233001666666,-1.188696103194444,False,0.0,True,2.461795499729973,12,198.77939545103703,16.56494962091975,131.56815779561538,0.661880259254652,66.1880259254652,Li-Rb
s-block,Na-Mg-O,Na,Mg,O,Na4MgO3_754369_POSCAR,-0.115570912953621,9.24127321,-0.18079704871819,-0.0652261357645689,8.0488508603,14.6071737836,35,local_max_drop,mp-754369,Na4MgO3,Monoclinic,Cc,9,0.070125490624999,-1.758755816314655,False,1.658999999999999,False,2.189288940893069,16,249.1803833571228,15.573773959820176,183.99590213434308,0.7384044428194093,73.84044428194093,Mg-Na
s-block,Rb-Mg-O,Rb,Mg,O,Rb2MgO2_1541753_POSCAR,-0.0863639753520125,19.706438466,-0.14382464208546,-0.0574606667334474,18.0642352605,26.8226523565,35,local_max_drop,mp-1541753,Rb2MgO2,Orthorhombic,Ibam,72,0.0,-1.9010544184999991,True,2.311099999999999,False,3.974967516491585,20,379.7162111189221,18.985810555946102,413.4204069008522,1.088761540316156,108.87615403161558,Mg-Rb
