chemsys,source,material_id,formula,crystal_system,space_group_symbol,space_group_number,energy_above_hull,formation_energy,predicted_stable,band_gap,is_metal,density,n_sites,cell_volume,volume_per_atom,sphere_volume_sum,packing_fraction,packing_percent
Ba-O,BaO_1178531_POSCAR,mp-1178531,BaO,Orthorhombic,Pbcm,57,0.01994168078125,-2.80370102671875,False,2.2831,False,5.766030208020219,64,1412.990042470456,22.077969413600876,1370.6889049666959,0.970062678269267,97.00626782692669
Ba-O,BaO_1244871_POSCAR,mp-1244871,BaO,Triclinic,P1,1,0.204366994599999,-2.6192757129,False,1.704899999999999,False,4.955755089495295,100,2568.775822799566,25.68775822799566,2141.701414010461,0.8337439939295053,83.37439939295052
Ba-O,BaO_1245192_POSCAR,mp-1245192,BaO,Triclinic,P1,1,0.2059768572,-2.6176658503,False,1.3032,False,4.867820766142586,100,2615.1792487363687,26.151792487363686,2141.701414010461,0.8189501408155148,81.89501408155148
Ba-O,BaO_1245276_POSCAR,mp-1245276,BaO,Triclinic,P1,1,0.2293675159,-2.594275191599999,False,1.749499999999999,False,4.884183199503542,100,2606.4181764091322,26.064181764091323,2141.701414010461,0.8217029152862522,82.17029152862521
Ba-O,BaO_1245298_POSCAR,mp-1245298,BaO,Triclinic,P1,1,0.198866548999999,-2.6247761585,False,1.7653999999999992,False,4.8757244000206565,100,2610.93999767991,26.1093999767991,2141.701414010461,0.8202798286875931,82.02798286875931
Ba-O,BaO_1245311_POSCAR,mp-1245311,BaO,Triclinic,P1,1,0.1714524052,-2.6521903023,False,1.480999999999999,False,4.812621533262382,100,2645.174522548694,26.45174522548694,2141.701414010461,0.8096635574528658,80.96635574528658
Ba-O,BaO_776658_POSCAR,mp-776658,BaO,Orthorhombic,Cmcm,63,0.010911619375001,-2.812731088124999,False,2.3834,False,5.927750027025872,32,687.2205508544308,21.475642214200963,685.3444524833483,0.9972700199830317,99.72700199830317
Ba-O,BaO2_1182141_POSCAR,mp-1182141,BaO2,Monoclinic,P2_1/c,14,0.418740532083334,-1.751452131249999,False,0.0,True,5.3379277452172005,24,421.3951471773517,17.558131132389654,352.30630967139564,0.8360473822047153,83.60473822047153
Ba-O,BaO2_1182238_POSCAR,mp-1182238,BaO2,Orthorhombic,Pnma,62,0.418397264166667,-1.751795399166666,False,0.2728,False,5.277957231273876,24,426.18322758515643,17.757634482714852,352.30630967139564,0.8266545627983464,82.66545627983464
Ba-O,BaO2_1182259_POSCAR,mp-1182259,BaO2,Monoclinic,P2_1/c,14,0.433399485416668,-1.736793177916666,False,0.0,True,4.853481284200349,24,463.4563760848889,19.31068233687037,352.30630967139564,0.7601714591728165,76.01714591728165
Ba-O,BaO2_726415_POSCAR,mp-726415,BaO2,Monoclinic,P2_1/c,14,0.069902947916664,-2.10028971541667,False,2.687599999999999,False,5.206439760809411,24,432.0374290473533,18.001559543639722,352.30630967139564,0.8154532130427552,81.54532130427552
Ba-O,BaO6_1198787_POSCAR,mp-1198787,BaO6,Orthorhombic,Pbca,61,0.043514910357141,-0.894188341785715,False,0.0,True,3.249561202164395,56,953.8336944542034,17.03274454382506,390.8426433902839,0.40975973659006604,40.975973659006605
Ba-S,Ba2S3_28978_POSCAR,mp-28978,Ba2S3,Tetragonal,I4_1md,109,0.063863152999999,-1.9196869674999992,False,1.2985,False,4.10595871636164,10,299.9588137708004,29.995881377080043,195.61336097087076,0.6521340663799918,65.21340663799919
Be-O,BeO_1244907_POSCAR,mp-1244907,BeO,Triclinic,P1,1,0.257439136499999,-2.845416666000001,False,4.4843,False,2.585868833140669,100,803.0706841660187,8.030706841660187,245.51169596685736,0.3057161726950834,30.571617269508337
Be-O,BeO_1244919_POSCAR,mp-1244919,BeO,Triclinic,P1,1,0.264251738299998,-2.838604064200001,False,4.4524,False,2.51218061629517,100,826.6266519986392,8.266266519986392,245.51169596685736,0.29700433124585673,29.700433124585672
Be-O,BeO_1244963_POSCAR,mp-1244963,BeO,Triclinic,P1,1,0.289117839399999,-2.813737963100001,False,4.7618,False,2.501733582891131,100,830.0785769339714,8.300785769339713,245.51169596685736,0.2957692232869017,29.57692232869017
Be-O,BeO_1245060_POSCAR,mp-1245060,BeO,Triclinic,P1,1,0.3269340063,-2.7759217962,False,4.2425,False,2.283228028698272,100,909.5173251643372,9.095173251643372,245.51169596685736,0.26993624989221265,26.993624989221267
Be-O,BeO_1245079_POSCAR,mp-1245079,BeO,Triclinic,P1,1,0.310552852699999,-2.7923029498,False,4.321099999999999,False,2.415146135974719,100,859.8384252203692,8.598384252203692,245.51169596685736,0.2855323613897981,28.55323613897981
Ca-O,Ca2O3_1120811_POSCAR,mp-1120811,Ca2O3,Triclinic,P1,1,0.2142064745,-2.4321373745,False,0.196899999999999,False,2.62521308091353,40,648.496100381148,16.2124025095287,394.28378480899863,0.6079971561544653,60.79971561544652
Ca-O,CaO_1244902_POSCAR,mp-1244902,CaO,Triclinic,P1,1,0.311101841399999,-2.9949175511,False,2.1384,False,2.810222594042136,100,1656.78536711108,16.5678536711108,1202.030316810242,0.725519636201405,72.5519636201405
Ca-O,CaO_1245200_POSCAR,mp-1245200,CaO,Triclinic,P1,1,0.341503199599999,-2.9645161929,False,1.997399999999999,False,2.786404185829366,100,1670.9477029363848,16.709477029363846,1202.030316810242,0.719370399622857,71.9370399622857
Ca-O,CaO_1245305_POSCAR,mp-1245305,CaO,Triclinic,P1,1,0.295378315899998,-3.0106410766,False,2.4659,False,2.815611340595657,100,1653.6144763158677,16.536144763158678,1202.030316810242,0.7269108574135598,72.69108574135598
Cs-O,Cs11O3_562001_POSCAR,mp-562001,Cs11O3,Monoclinic,P2_1/c,14,0.005618911656402,-0.7818787620504931,False,0.0,True,2.512526068644122,56,3991.750872676983,71.28126558351755,2691.8357482994816,0.6743496360769275,67.43496360769275
Cs-O,Cs2O_755573_POSCAR,mp-755573,Cs2O,Orthorhombic,Pnma,62,0.056972324166667,-1.123274220603449,False,1.9227,False,5.061684602196915,12,369.80338018469797,30.816948348724832,491.61424592484235,1.3293935974281956,132.93935974281956
Cs-O,Cs2O3_1213719_POSCAR,mp-1213719,Cs2O3,Cubic,I-43d,220,0.072772280499998,-1.023226469362069,False,0.0,True,4.315093894537169,20,483.04142496075286,24.152071248037643,501.2483293545644,1.0376922215217688,103.76922215217688
Cs-O,Cs4O3_1105918_POSCAR,mp-1105918,Cs4O3,Cubic,I-43d,220,0.135815927142856,-1.069560221945813,False,0.0,True,4.760627108002041,14,404.350789662651,28.882199261617927,494.02276678227287,1.2217677803830556,122.17677803830556
Cs-O,Cs7O_561735_POSCAR,mp-561735,Cs7O,Hexagonal,P-6m2,187,0.010467804755746,-0.448905838239943,False,0.0,True,2.097981564019763,24,2247.0604911087016,93.62752046286256,1281.4554423373463,0.5702807945793551,57.02807945793551
Cs-S,Cs2S_540703_POSCAR,mp-540703,Cs2S,Orthorhombic,Pnma,62,0.0,-1.192438348437498,True,2.0952,False,4.026382662216831,12,491.3935080242464,40.94945900202053,506.19339725324465,1.0301182025959286,103.01182025959285
Cs-S,Cs2S5_1193140_POSCAR,mp-1193140,Cs2S5,Orthorhombic,P2_12_12_1,19,0.0,-0.743681253794641,True,1.8661999999999992,False,3.046112503708791,28,929.2044401895766,33.18587286391345,583.7781694262981,0.6282558973859352,62.82558973859352
K-O,K2O_1974672_POSCAR,mp-1974672,K2O,Tetragonal,P4_2/mcm,132,0.071530355,-1.107875917083333,False,1.390399999999999,False,2.267417016147211,24,551.8742675814266,22.994761149226107,570.2903822530118,1.033370127497144,103.3370127497144
K-O,K2O_776016_POSCAR,mp-776016,K2O,Orthorhombic,Pbca,61,0.020421303749999,-1.213456732749999,False,1.7265,False,2.344254742699141,24,533.7854636907763,22.241060987115677,570.2903822530118,1.0683887461262582,106.83887461262583
K-O,K2O_776104_POSCAR,mp-776104,K2O,Tetragonal,P4_2/nmc,137,0.051067390416667,-1.182810646083332,False,1.169,False,2.1409947642857032,24,584.4615437466448,24.352564322776868,570.2903822530118,0.975753474894533,97.5753474894533
K-O,K2O_998915_POSCAR,mp-998915,K2O,Orthorhombic,Pnnm,58,0.02955435,-1.204323686499999,False,0.6523000000000001,False,2.043060108305046,6,153.11946775886938,25.519911293144897,142.57259556325286,0.93111997873304,93.11199787330399
K-O,K2O_998929_POSCAR,mp-998929,K2O,Trigonal,P3,143,0.059394456666666,-1.174483579833332,False,1.853399999999999,False,2.671810555265089,9,175.6293735872819,19.51437484303132,213.8588933448793,1.2176715601539092,121.76715601539092
K-O,K2O2_998917_POSCAR,mp-998917,K2O2,Hexagonal,P-62m,189,0.025785213749999,-1.259173639874999,False,2.083399999999999,False,2.549147948629754,12,215.34697519897512,17.94558126658126,217.47167463102508,1.009866400166925,100.9866400166925
K-S,K2S5_17146_POSCAR,mp-17146,K2S5,Orthorhombic,P2_12_12_1,19,0.0,-0.700578589866071,True,1.929899999999999,False,2.110672500110484,28,750.6127739044418,26.80759906801578,377.3091146279614,0.5026681236256119,50.26681236256118
K-S,K2S5_672372_POSCAR,mp-672372,K2S5,Orthorhombic,P2_12_12_1,19,0.060601303214285,-0.6399772866517861,False,1.2407,False,1.831750584078513,28,864.9090950931815,30.889610539042195,377.3091146279614,0.43624135388160273,43.624135388160276
K-S,KS_1287_POSCAR,mp-1287,KS,Hexagonal,P-62m,189,0.0,-1.099480114947915,True,1.469,False,1.932581590949447,12,366.87539698951247,30.57294974912604,239.34040162362854,0.6523751758433405,65.23751758433404
K-S,KS3_1196514_POSCAR,mp-1196514,KS3,Monoclinic,P2_1/c,14,0.0,-0.618411601796874,True,1.8888999999999991,False,1.990182734819924,32,903.0720895582563,28.22100279869551,396.7053076712247,0.43928420804730633,43.928420804730635
Li-O,Li2O_1245009_POSCAR,mp-1245009,Li2O,Triclinic,P1,1,0.161850906372549,-1.8997470075163392,False,2.723,False,1.6835606574999091,102,1002.0749080710493,9.82426380461813,638.2928779535977,0.6369712212256504,63.69712212256504
Li-O,Li2O_1245092_POSCAR,mp-1245092,Li2O,Triclinic,P1,1,0.173222025686275,-1.888375888202614,False,2.461,False,1.617157036366032,102,1043.2220574283567,10.227667229689771,638.2928779535977,0.6118475672639163,61.18475672639163
Li-O,Li2O_1245224_POSCAR,mp-1245224,Li2O,Triclinic,P1,1,0.149685822843137,-1.911912091045751,False,2.735999999999999,False,1.7178391162021351,102,982.079098618734,9.628226457046411,638.2928779535977,0.6499403956884311,64.9940395688431
Li-O,Li2O_1245303_POSCAR,mp-1245303,Li2O,Triclinic,P1,1,0.158574137745097,-1.9030237761437911,False,2.7845,False,1.723042170091859,102,979.1135239421714,9.599152195511484,638.2928779535977,0.651908958813745,65.1908958813745
Li-O,Li2O_755894_POSCAR,mp-755894,Li2O,Orthorhombic,Pnma,62,0.084359710833333,-1.977238203055555,False,5.4351,False,2.195570919540326,12,90.39877805466602,7.533231504555502,75.09327975924661,0.8306891019460035,83.06891019460035
Li-O,Li2O2_558312_POSCAR,mp-558312,Li2O2,Hexagonal,P6_3/mmc,194,0.142724228749999,-1.507446007916666,False,1.6379,False,2.000892516139877,8,76.1528771822725,9.519109647784063,39.95516073705382,0.5246704026877519,52.467040268775186
Li-O,Li2O2_841_POSCAR,mp-841,Li2O2,Hexagonal,P6_3/mmc,194,0.0,-1.650170236666666,True,1.974299999999999,False,2.414495373744071,8,63.10789546996573,7.888486933745717,39.95516073705382,0.6331245946249191,63.31245946249191
Li-S,Li2S_1125_POSCAR,mp-1125,Li2S,Orthorhombic,Pnma,62,0.061509288333333,-1.441943999722222,False,3.895399999999999,False,1.785844636617404,12,170.8923316814056,14.241027640117133,89.67243108764892,0.5247305727844193,52.47305727844193
Li-S,Li2S_32899_POSCAR,mp-32899,Li2S,Trigonal,R3m,160,0.075129093939395,-1.42832419411616,False,1.875399999999999,False,1.651171226497652,33,508.284458562691,15.402559350384575,246.59918549103438,0.4851597984883483,48.51597984883483
Li-S,Li2S_723352_POSCAR,mp-723352,Li2S,Triclinic,P1,1,0.081990143030304,-1.421463145025251,False,1.9206999999999992,False,1.6511715701994891,33,508.28435312450006,15.402556155287881,246.59918549103438,0.48515989912959595,48.5159899129596
Mg-O,MgO_1180973_POSCAR,mp-1180973,MgO,Trigonal,R-3m,166,0.05972853,-2.9785806399999992,False,3.8943,False,3.449450480909065,16,155.21783802093498,9.701114876308436,103.57092076293426,0.6672617147841291,66.72617147841291
Mg-O,MgO_1190533_POSCAR,mp-1190533,MgO,Hexagonal,P6/mcc,192,0.113092129583333,-2.925217040416666,False,3.0171,False,2.368749037998974,24,339.05000299608236,14.127083458170098,155.3563811444012,0.4582108236884349,45.82108236884349
Mg-O,MgO_1190649_POSCAR,mp-1190649,MgO,Monoclinic,Cm,8,0.153608795416666,-2.884700374583333,False,2.7412,False,2.395453624872636,24,335.2702640269613,13.96959433445672,155.3563811444012,0.46337655859604654,46.33765585960465
Mg-O,MgO_1191789_POSCAR,mp-1191789,MgO,Monoclinic,C2/c,15,0.165655193333332,-2.872653976666667,False,3.304,False,2.141786909352879,24,374.9786528709004,15.624110536287517,155.3563811444012,0.4143072677736887,41.43072677736887
Mg-O,MgO_1192043_POSCAR,mp-1192043,MgO,Orthorhombic,Ibam,72,0.092011632083333,-2.9462975379166663,False,3.195099999999999,False,2.966737168046806,24,270.7096464797826,11.279568603324273,155.3563811444012,0.5738856489401226,57.38856489401226
Mg-O,MgO_1192189_POSCAR,mp-1192189,MgO,Hexagonal,P6_3/mmc,194,0.043237585416665,-2.995071584583334,False,0.0014,False,3.596933125469349,24,223.28031752464196,9.303346563526748,155.3563811444012,0.6957907569584837,69.57907569584837
Mg-O,MgO_1244962_POSCAR,mp-1244962,MgO,Triclinic,P1,1,0.329301713125,-2.709007456874999,False,2.202499999999999,False,2.836858446794562,80,943.6781141724106,11.795976427155132,517.8546038146712,0.5487619094237666,54.87619094237666
Mg-O,MgO_1245039_POSCAR,mp-1245039,MgO,Triclinic,P1,1,0.254344622249999,-2.78396454775,False,1.9229,False,2.9362748446515363,80,911.7270587501938,11.396588234377422,517.8546038146712,0.5679930181347831,56.79930181347831
Mg-O,MgO_1245045_POSCAR,mp-1245045,MgO,Triclinic,P1,1,0.315693535999999,-2.7226156340000003,False,2.8658,False,2.783927725155665,80,961.6202334992632,12.020252918740791,517.8546038146712,0.5385229904431581,53.852299044315814
Mg-O,MgO_1245128_POSCAR,mp-1245128,MgO,Triclinic,P1,1,0.345553548874999,-2.692755621125,False,1.9477,False,2.8198755406764717,80,949.361484329221,11.867018554115262,517.8546038146712,0.5454767360617812,54.547673606178115
Mg-O,MgO_1245143_POSCAR,mp-1245143,MgO,Triclinic,P1,1,0.341307611625,-2.697001558374999,False,1.877299999999999,False,2.68981320454016,80,995.2665956355064,12.44083244544383,517.8546038146712,0.5203174768304226,52.03174768304226
Mg-O,MgO_1245157_POSCAR,mp-1245157,MgO,Triclinic,P1,1,0.348319771499999,-2.6899893985,False,2.081499999999999,False,2.728925953408256,80,981.0017844596389,12.262522305745486,517.8546038146712,0.527883447327182,52.788344732718194
Mg-O,MgO_1245195_POSCAR,mp-1245195,MgO,Triclinic,P1,1,0.344737086749999,-2.69357208325,False,2.074999999999999,False,2.731932072836869,80,979.9223261811262,12.249029077264078,517.8546038146712,0.5284649507199333,52.846495071993324
Mg-O,MgO_1245232_POSCAR,mp-1245232,MgO,Triclinic,P1,1,0.321598577624999,-2.716710592375,False,1.887699999999999,False,2.744196328270419,80,975.5428948510352,12.194286185637939,517.8546038146712,0.5308373486680433,53.083734866804335
Mg-S,Mg149S_1185578_POSCAR,mp-1185578,Mg149S,Hexagonal,P-6m2,187,0.020655326666667,-0.001504465016665,False,0.0,True,1.8080709544474671,150,3355.397131552986,22.36931421035324,1754.422643591894,0.522865870955755,52.2865870955755
Na-O,Na2O_1119338_POSCAR,mp-1119338,Na2O,Hexagonal,P-62m,189,0.073434707777777,-1.352303978141761,False,1.621199999999999,False,2.725818592375247,9,113.27068794301812,12.58563199366868,118.57737895770721,1.0468496405474175,104.68496405474174
Na-O,Na2O_1245205_POSCAR,mp-1245205,Na2O,Triclinic,P1,1,0.266280740686273,-1.159457945233265,False,0.116199999999999,False,1.8984621189416064,102,1843.1904592672417,18.07049469869845,1343.8769615206836,0.7291036879905185,72.91036879905185
Na-O,Na2O_1245278_POSCAR,mp-1245278,Na2O,Triclinic,P1,1,0.146892139509803,-1.278846546409736,False,0.6804,False,2.008383844612405,102,1742.3100033111582,17.08147062069763,1343.8769615206836,0.7713190872845384,77.13190872845384
Na-O,Na2O_1974948_POSCAR,mp-1974948,Na2O,Trigonal,P321,150,0.073679147777777,-1.352059538141762,False,1.6226,False,2.7255985798114413,9,113.27983111444374,12.58664790160486,118.57737895770721,1.046765146020667,104.6765146020667
Na-O,Na2O_755072_POSCAR,mp-755072,Na2O,Orthorhombic,Pnnm,58,0.070141851666666,-1.355596834252872,False,1.0343,False,2.114311066787625,6,97.3541221495295,16.225687024921584,79.0515859718048,0.8120003984051829,81.20003984051829
Na-O,Na2O_776952_POSCAR,mp-776952,Na2O,Trigonal,P3,143,0.07951855111111,-1.346220134808429,False,1.5089,False,2.505816977035073,9,123.21544203220365,13.69060467024485,118.57737895770721,0.9623581022151084,96.23581022151085
Na-O,Na2O2_2340_POSCAR,mp-2340,Na2O2,Hexagonal,P-62m,189,0.0,-1.2980963948563211,True,1.7361,False,2.6929727082185853,12,144.2488560880949,12.020738007341242,122.19016024385303,0.8470788854590965,84.70788854590965
Na-O,Na6O_1173794_POSCAR,mp-1173794,Na6O,Orthorhombic,Cmm2,35,0.155431620640393,-0.455599244753693,False,0.0,True,1.030225287824974,21,744.3617190087091,35.44579614327186,348.50657430082987,0.4681951870992876,46.81951870992876
Na-O,NaO2_1180165_POSCAR,mp-1180165,NaO2,Orthorhombic,Pbca,61,0.077431169583332,-0.830297492543103,False,0.0,True,2.330267020671222,24,313.4770970827282,13.061545711780342,172.55429708819267,0.5504526445281414,55.04526445281414
Na-O,NaO2_1180346_POSCAR,mp-1180346,NaO2,Orthorhombic,Pbca,61,0.020404291249999,-0.8873243708764371,False,0.0,True,2.478501489497432,24,294.72862720922325,12.28035946705097,172.55429708819267,0.5854683975632237,58.54683975632236
Na-S,Na2S_556978_POSCAR,mp-556978,Na2S,Orthorhombic,Pnma,62,0.034994842499999,-1.234249691770833,False,2.1176,False,2.056907850397422,12,252.0210230878557,21.001751923987975,172.68232327201187,0.6851901526160141,68.51901526160141
Na-S,NaS_409_POSCAR,mp-409,NaS,Hexagonal,P-62m,189,0.002286554999999,-1.001984056406249,False,0.8685,False,2.068232806991422,12,265.2136498066087,22.10113748388406,144.05888723645643,0.5431805163177039,54.318051631770395
Na-S,NaS2_12180_POSCAR,mp-12180,NaS2,Tetragonal,I-42d,122,0.0,-0.705851476458332,True,2.0185,False,2.162325110475751,24,535.2230508477976,22.300960451991568,230.87090240180189,0.4313545577607327,43.13545577607327
Rb-O,Rb16O3_1220248_POSCAR,mp-1220248,Rb16O3,Orthorhombic,F222,22,0.072845440328946,-0.49847131,False,0.0,True,1.766531168177668,38,2661.107668930799,70.02914918238945,1434.497181790388,0.5390601810436148,53.90601810436147
Rb-O,Rb19O3_779582_POSCAR,mp-779582,Rb19O3,Cubic,Fm-3c,226,0.042573455397726,-0.450836465340909,False,0.0,True,1.793841094507917,44,3095.2938824562257,70.34758823764149,1702.110610393781,0.5499027475359127,54.99027475359127
Rb-O,Rb2O_2023482_POSCAR,mp-2023482,Rb2O,Trigonal,P-3m1,164,0.047853428888886,-1.019249274861111,False,0.7837000000000001,False,3.37719445240814,9,275.74326101844366,30.638140113160407,271.2262098895388,0.9836186345507724,98.36186345507724
Rb-O,Rb2O_755738_POSCAR,mp-755738,Rb2O,Orthorhombic,Pnma,62,0.031951658333333,-1.101216714999999,False,1.6455000000000002,False,4.328587598289292,12,286.8491057337499,23.90409214447916,361.63494651938504,1.2607149169746776,126.07149169746776
Rb-O,Rb2O_776890_POSCAR,mp-776890,Rb2O,Orthorhombic,Pbca,61,0.014070498333333,-1.119097874999999,False,1.3448,False,3.9573671820220993,24,627.5139124315658,26.14641301798191,723.2698930387705,1.1525957890497727,115.25957890497726
Rb-O,Rb2O_776922_POSCAR,mp-776922,Rb2O,Trigonal,P3,143,0.002575112222221,-1.130593261111111,False,0.1921,False,2.9755505188420552,9,312.96346891163074,34.77371876795897,271.2262098895388,0.8666385595506132,86.66385595506132
Rb-O,Rb2O3_1188205_POSCAR,mp-1188205,Rb2O3,Tetragonal,I-42d,122,0.067003469999999,-1.009550132,False,0.0,True,3.48133748492001,20,417.71087067750227,20.885543533875115,371.2690299491071,0.888818213772916,88.8818213772916
Rb-O,Rb2O3_2571_POSCAR,mp-2571,Rb2O3,Cubic,I-43d,220,0.052712337499999,-1.0238412645,False,0.0,True,3.520503752484265,20,413.06375915902555,20.65318795795128,371.2690299491071,0.8988177290232139,89.88177290232139
Rb-O,Rb6O_540855_POSCAR,mp-540855,Rb6O,Hexagonal,P6_3/m,176,0.001051034821428,-0.51585459642857,False,0.0,True,1.820603394621344,28,1929.2578631984081,68.90206654280028,1075.2707561284333,0.557349422614664,55.7349422614664
Rb-O,Rb9O2_27561_POSCAR,mp-27561,Rb9O2,Monoclinic,P2_1/m,11,0.0,-0.6578798943181801,True,0.0,True,1.9493406841007688,22,1365.0141880389845,62.04609945631748,807.6573275250403,0.5916841997703645,59.16841997703644
Rb-S,Rb2S_1102384_POSCAR,mp-1102384,Rb2S,Orthorhombic,Pnma,62,0.013809254166666,-1.14694151,False,1.9681,False,3.178686510964984,12,424.18832518455065,35.349027098712554,376.21409784778734,0.8869034707263778,88.69034707263778
Rb-S,Rb2S5_16911_POSCAR,mp-16911,Rb2S5,Orthorhombic,P2_12_12_1,19,0.0,-0.955290041071428,True,1.9539,False,2.621350498819616,28,839.3706492482418,29.977523187437207,453.7988700208407,0.5406418135150098,54.064181351500984
Rb-S,RbS_9062_POSCAR,mp-9062,RbS,Hexagonal,P-62m,189,0.0,-1.15946500333333,True,1.5781,False,2.796485592496512,12,418.7423097205509,34.89519247671257,296.707718168288,0.7085687576359239,70.85687576359238
Sr-O,SrO2_1545805_POSCAR,mp-1545805,SrO2,Orthorhombic,Pnma,62,0.010419155833335,-2.194059977499996,False,2.9758,False,4.362472183198188,12,182.12763970377222,15.177303308647685,133.87150650858405,0.7350422304177663,73.50422304177663
Sr-O,SrO2_2763179_POSCAR,mp-2763179,SrO2,Orthorhombic,Pnma,62,0.011030372499999,-2.193448760833332,False,2.717399999999999,False,4.358726540180097,12,182.2841498944826,15.190345824540216,133.87150650858405,0.7344111190472523,73.44111190472523
