block,chemsys,metal_1,metal_2,ligand,source,delta_E,dip_x,dip_y,baseline_y,left_anchor,right_anchor,n_points,dip_method,material_id,formula,crystal_system,space_group_symbol,space_group_number,energy_above_hull,formation_energy,predicted_stable,band_gap,is_metal,density,n_sites,cell_volume,volume_per_atom,sphere_volume_sum,packing_fraction,packing_percent
s-block,Be-Ca-O,Be,Ca,O,Ca12Be17O29_27407_POSCAR,-0.2312645271420709,13.3716051109,-0.34891655068416,-0.117652023542089,11.2148946091,21.1357629172,35,local_max_drop,mp-27407,Ca12Be17O29,Cubic,F-43m,216,0.006200534051721,-3.180722960862069,False,3.7478,False,2.608870434415032,58,698.9540734331754,12.05093230057199,371.9612526631888,0.53216837386205,53.21683738620499
s-block,Be-Sr-O,Be,Sr,O,SrBe3O4_27791_POSCAR,-0.0564663187782247,7.117133543,-0.092905335755273,-0.0364390169770482,5.969208778,11.249662697,35,local_max_drop,mp-27791,SrBe3O4,Hexagonal,P-62c,190,0.0,-3.112535916875,True,4.1295,False,3.641867279149913,16,162.9176276603905,10.182351728774407,93.98863591288448,0.5769089401965036,57.690894019650365
s-block,Ca-Ba-O,Ca,Ba,O,BaCaO2_756930_POSCAR,-0.1360000797166174,5.8343922,-0.17585796638856,-0.0398578866719425,4.705155,9.2221038,35,local_max_drop,mp-756930,BaCaO2,Orthorhombic,Pnma,62,0.0541217925,-3.010709257499999,False,2.8163,False,4.764929121330527,16,291.9020885644545,18.243880535278407,267.4985384656559,0.9163981654985311,91.63981654985311
s-block,Ca-Ba-O,Ca,Ba,O,Ba3CaO4_1078915_POSCAR,-0.0711327080737588,8.218158,-0.090960156721948,-0.0198274486481892,6.848465,13.4229914,35,local_max_drop,mp-1078915,Ba3CaO4,Cubic,Pm-3m,221,0.12788131,-2.816355568749999,False,2.11,False,5.210708177879748,8,164.45598479580516,20.556998099475646,152.54269117683236,0.9275593792845861,92.75593792845861
s-block,Ca-Ba-O,Ca,Ba,O,BaCa3O4_1019541_POSCAR,-0.0636623686656744,7.662369,-0.086099592256505,-0.0224372235908305,6.6407198,12.5152027,35,local_max_drop,mp-1019541,BaCa3O4,Cubic,Pm-3m,221,0.18143897125,-3.003986249999999,False,2.335099999999999,False,4.005842001344047,8,133.2954762873941,16.661934535924264,114.95584728882362,0.8624137179342155,86.24137179342155
s-block,Ca-Sr-O,Ca,Sr,O,Sr3CaO4_1079940_POSCAR,-0.0656318803641605,7.6929675,-0.089780562297972,-0.0241486819338114,6.41080625,12.56518025,35,local_max_drop,mp-1079940,Sr3CaO4,Cubic,Pm-3m,221,0.033803752499999,-3.099418741249999,False,3.294499999999999,False,4.516801764481276,8,134.89874705543693,16.862343381929616,120.83145493149708,0.8957196235621161,89.57196235621161
s-block,Ca-Sr-O,Ca,Sr,O,SrCa3O4_978844_POSCAR,-0.0612419592001643,7.66614965,-0.085439090955807,-0.0241971317556426,6.67696905,12.11746235,35,local_max_drop,mp-978844,SrCa3O4,Cubic,Pm-3m,221,0.040153662499999,-3.208266763749999,False,3.3723,False,3.731162869927697,8,120.98646396705387,15.123307995881733,104.38543520704516,0.8627860653524896,86.27860653524895
s-block,Cs-Ba-O,Cs,Ba,O,Cs2BaO2_755217_POSCAR,-0.1280173843596677,12.33950025,-0.17745581031019,-0.0494384259505223,9.8716002,17.27530035,35,local_max_drop,mp-755217,Cs2BaO2,Orthorhombic,Pbcn,60,0.052646121000003,-1.784958888862069,False,1.454699999999999,False,4.842835581641891,20,596.8086124670613,29.840430623353065,662.9503590456796,1.1108257240209798,111.08257240209798
s-block,Cs-Ba-O,Cs,Ba,O,Cs2Ba2O3_754272_POSCAR,-0.0975641310137163,12.9861996,-0.13240360744688,-0.0348394764331636,11.0185936,19.2825388,35,local_max_drop,mp-754272,Cs2Ba2O3,Monoclinic,P2_1/c,14,0.02439436285714,-2.094935703472907,False,1.9378,False,4.729249476637108,14,413.2435719661709,29.517397997583636,417.143236083258,1.0094367205726464,100.94367205726465
s-block,Cs-Ba-O,Cs,Ba,O,Cs2Ba2O3_752539_POSCAR,-0.0757761346335604,12.11396025,-0.10804187658479,-0.0322657419512295,9.34505505,16.95954435,35,local_max_drop,mp-752539,Cs2Ba2O3,Monoclinic,P2_1/c,14,0.081643138571426,-2.037686927758621,False,1.451099999999999,False,4.7790896102979215,14,408.9339405726099,29.20956718375785,417.143236083258,1.0200748695477637,102.00748695477637
s-block,Cs-Be-O,Cs,Be,O,Cs2BeO2_755292_POSCAR,-0.0867891696344367,15.0559578415,-0.12652565616017,-0.0397364865257332,13.4282867235,19.9389711955,35,local_max_drop,mp-755292,Cs2BeO2,Monoclinic,P2_1/c,14,0.0,-2.017852933362068,True,3.1264,False,4.623904553882648,20,440.7441564738446,22.03720782369223,511.25518160219093,1.1599817583345107,115.99817583345107
s-block,Cs-Ca-O,Cs,Ca,O,Cs2CaO2_753803_POSCAR,-0.0916648706838207,11.7715248,-0.14361021289939,-0.0519453422155692,9.4826172,16.0223532,35,local_max_drop,mp-753803,Cs2CaO2,Orthorhombic,Pbcn,60,0.093233114999999,-1.937322568862069,False,2.3181,False,4.366103274126179,20,514.0288234670413,25.701441173352066,587.776671269662,1.1434702577672655,114.34702577672655
s-block,Cs-Mg-O,Cs,Mg,O,Cs2MgO2_1178409_POSCAR,-0.1677527347899395,12.2111766,-0.26056654100507,-0.0928138062151304,10.8543792,16.62076815,35,local_max_drop,mp-1178409,Cs2MgO2,Monoclinic,P2_1/c,14,0.0636705475,-1.859801047362069,False,2.0341,False,4.202925265140574,40,1018.1176506090076,25.45294126522519,1086.7994126126196,1.0674595533851403,106.74595533851404
s-block,Cs-Sr-O,Cs,Sr,O,Cs2Sr2O3_753801_POSCAR,-0.0808442073719472,12.7763262,-0.11935916914139,-0.0385149617694427,10.5216804,18.4129407,35,local_max_drop,mp-753801,Cs2Sr2O3,Monoclinic,P2_1/c,14,0.067239008571429,-2.196080097758621,False,2.394599999999999,False,4.471665701297922,14,363.21370911772055,25.94383636555147,374.86158775614405,1.0320689399822414,103.20689399822413
s-block,K-Be-O,K,Be,O,K4Be3O5_28158_POSCAR,-0.1066606578102634,10.1532093031,-0.16856466768244,-0.0619040098721765,8.9928425256,14.2144930243,35,local_max_drop,mp-28158,K4Be3O5,Monoclinic,C2/c,15,0.0,-2.301597747416666,True,3.2088,False,2.486656674499181,24,351.8221128984704,14.659254704102933,314.6065946425286,0.8942206390913197,89.42206390913196
s-block,K-Be-O,K,Be,O,K2BeO2_27915_POSCAR,-0.1003254573428102,10.0332665125,-0.15101924775515,-0.0506937904123397,9.17327224,14.0465731175,35,local_max_drop,mp-27915,K2BeO2,Monoclinic,P2_1/c,14,0.0,-2.1003341254,True,2.9234,False,2.48597272935165,20,318.50525911949944,15.925262955974972,304.7861268038543,0.956926512442616,95.6926512442616
s-block,K-Be-O,K,Be,O,K2Be2O3_754587_POSCAR,-0.0602922974007852,13.1004768,-0.090892939859918,-0.0306006424591327,11.4629172,20.0601051,35,local_max_drop,mp-754587,K2Be2O3,Monoclinic,P2_1/c,14,0.036247833928569,-2.3798153499285712,False,3.2855,False,2.023637446228528,14,236.6842504142422,16.906017886731586,162.21353124060144,0.6853583665017722,68.53583665017722
s-block,K-Mg-O,K,Mg,O,K6MgO4_12171_POSCAR,-0.1466220743174632,15.631081494,-0.20426957051264,-0.0576474961951767,13.941234846,20.700621438,35,local_max_drop,mp-12171,K6MgO4,Hexagonal,P6_3mc,186,0.0,-1.5719714466818182,True,1.6783,False,2.634295751358229,22,407.0730815053945,18.50332188660884,453.61051688049207,1.1143220652247448,111.43220652247447
s-block,K-Mg-O,K,Mg,O,K2Mg2O3_769025_POSCAR,-0.138601958086602,10.903283914,-0.22783784640223,-0.089235888315628,8.979174988,15.713556229,35,local_max_drop,mp-769025,K2Mg2O3,Tetragonal,P4_32_12,96,0.0277894425,-2.244047649928572,False,3.2516,False,2.755786651076017,28,421.3246335191721,15.047308339970431,388.71611188944,0.9226047588118338,92.26047588118338
s-block,K-Mg-O,K,Mg,O,K2MgO2_755802_POSCAR,-0.1014048476586742,9.791461764,-0.15993644361937,-0.0585315959606957,8.703521568,13.327267401,35,local_max_drop,mp-755802,K2MgO2,Orthorhombic,Pbcn,60,0.0,-1.965248261399999,True,2.7608,False,2.645966906733719,20,337.6356191076174,16.88178095538087,336.93065150797287,0.9979120461238427,99.79120461238426
s-block,K-Rb-O,K,Rb,O,KRbO_756889_POSCAR,-0.0765062439209751,15.1072716695,-0.10449305325066,-0.0279868093296849,12.4412825514,21.7722444649,35,local_max_drop,mp-756889,KRbO,Tetragonal,I4/mmm,139,0.091884004166666,-1.091639200749999,False,0.0146,False,2.268898705538341,12,411.50273304316687,34.29189442026391,323.3900688229454,0.7858758711792605,78.58758711792605
s-block,K-Rb-S,K,Rb,S,KRbS_28760_POSCAR,-0.0990123655642354,8.2562585985,-0.13457882954997,-0.0355664639857346,7.2554999805,12.2592930705,35,local_max_drop,mp-28760,KRbS,Orthorhombic,Pnma,62,0.0080872775,-1.176483886583332,False,2.2214,False,2.657694592867013,12,391.45515258614347,32.62126271551195,337.9692201513477,0.8633663854430281,86.33663854430282
s-block,K-Sr-O,K,Sr,O,K2Sr2O3_756334_POSCAR,-0.1067479725891064,11.4558416,-0.14692248811594,-0.0401745155268335,10.0238614,17.54175745,35,local_max_drop,mp-756334,K2Sr2O3,Monoclinic,P2_1/c,14,0.05533240642857,-2.230971624928571,False,2.1927,False,3.121879415192686,14,320.6685426536332,22.904895903830944,271.62706035697585,0.8470648792337918,84.70648792337919
s-block,Li-Ba-O,Li,Ba,O,BaLi4O3_778878_POSCAR,-0.294433136649283,9.240105455,-0.3897634318003,-0.095330295151017,7.8812664175,13.3166225675,35,local_max_drop,mp-778878,BaLi4O3,Orthorhombic,Cmc2_1,36,0.086320239375,-2.165788872916667,False,3.5741,False,3.877759380429559,32,364.9973153811179,11.406166105659935,321.5226726393299,0.8808905136839342,88.08905136839343
s-block,Li-Ba-O,Li,Ba,O,BaLi4O3_1178558_POSCAR,-0.2843296271860232,9.268275237,-0.37955364050238,-0.0952240133163567,7.9052935845,13.3572201945,35,local_max_drop,mp-1178558,BaLi4O3,Orthorhombic,Cmce,64,0.08772889375,-2.164380218541667,False,3.4693,False,3.848050029283198,32,367.8153237745356,11.494228867954238,321.5226726393299,0.8741415918723868,87.41415918723868
s-block,Li-Cs-O,Li,Cs,O,CsLiO_1178395_POSCAR,-0.0755136432818384,13.219193414,-0.099513986315914,-0.0240003430340756,10.9530459716,18.5068707796,35,local_max_drop,mp-1178395,CsLiO,Tetragonal,I4/mmm,139,0.089964015,-1.5309582143295022,False,1.6344,False,3.408937069555163,12,303.6584370899942,25.304869757499517,283.35376284204443,0.9331331793625344,93.31331793625344
s-block,Li-Cs-O,Li,Cs,O,CsLiO_1178393_POSCAR,-0.07339573758885,6.75261655,-0.10116468059241,-0.02776894300356,5.65759765,8.94265435,35,local_max_drop,mp-1178393,CsLiO,Orthorhombic,Pnma,62,0.058514978333334,-1.562407250996169,False,0.0,True,4.221117612319065,12,245.23185489288528,20.43598790774044,283.35376284204443,1.1554525123410677,115.54525123410677
s-block,Li-K-O,Li,K,O,KLiO_559612_POSCAR,-0.1040491613141367,9.610891128,-0.13589974786218,-0.0318505865480432,8.276045138,13.081490702,35,local_max_drop,mp-559612,KLiO,Orthorhombic,Cmce,64,0.012296178333333,-1.63544179686111,False,2.3803,False,2.360282102014887,12,174.58537647259826,14.54878137271652,180.11923544287615,1.0316971505980999,103.16971505980999
s-block,Li-K-O,Li,K,O,KLi2O3_1103121_POSCAR,-0.0789905275271748,10.4987337675,-0.10470413986515,-0.0257136123379752,9.2261599775,15.5890289275,35,local_max_drop,mp-1103121,KLi2O3,Monoclinic,P2_1/m,11,0.217223602916667,-1.312295557319444,False,0.000799999999999,False,2.078504618672116,12,161.34555846656843,13.44546320554737,112.44571894739558,0.6969247868740983,69.69247868740983
s-block,Li-K-S,Li,K,S,KLiS_722181_POSCAR,-0.0562048378031884,6.4816781985,-0.076406998955495,-0.0202021611523066,5.854419018,10.2452332815,35,local_max_drop,mp-722181,KLiS,Hexagonal,P6_3/mmc,194,0.048966201666666,-1.33288870436111,False,2.7753,False,1.924524366187,6,134.78160526308005,22.46360087718001,97.34919338563925,0.7222735861887346,72.22735861887347
s-block,Li-K-S,Li,K,S,KLiS_8430_POSCAR,-0.0559312829677578,6.898758064,-0.077299709933449,-0.0213684269656911,6.036413306,10.5637232855,35,local_max_drop,mp-8430,KLiS,Tetragonal,P4/nmm,129,0.0,-1.381854906027777,True,3.0571,False,2.009905336028247,6,129.05606955174886,21.509344925291476,97.34919338563925,0.7543170478053666,75.43170478053666
s-block,Li-Na-O,Li,Na,O,NaLiO_755959_POSCAR,-0.1061742912071773,10.8120717651,-0.13810172742819,-0.0319274362210126,9.4605627945,16.5559848903,35,local_max_drop,mp-755959,NaLiO,Tetragonal,I4/mmm,139,0.104103931666666,-1.6395643682375471,False,1.7095,False,1.630501342546925,12,187.10524991575383,15.592104159646153,116.59822585142811,0.6231691836756463,62.31691836756463
s-block,Li-Na-O,Li,Na,O,NaLiO_755144_POSCAR,-0.0590997654826328,5.699603158,-0.077746204143314,-0.0186464386606811,5.02906161,8.214133963,35,local_max_drop,mp-755144,NaLiO,Hexagonal,P6_3/mmc,194,0.069303446666666,-1.674364853237547,False,2.8819,False,2.326659196666336,6,65.5608182808961,10.926803046816017,58.29911292571404,0.8892371153137657,88.92371153137657
s-block,Li-Na-S,Li,Na,S,NaLiS_8452_POSCAR,-0.0587815826525869,6.013891455,-0.0846470418399,-0.025865459187313,5.212039261,9.8226893765,35,local_max_drop,mp-8452,NaLiS,Tetragonal,P4/nmm,129,0.0,-1.36703557407088,True,2.264199999999999,False,1.976851617557677,6,104.15187051878621,17.358645086464367,65.58868858991521,0.6297408607566464,62.97408607566464
s-block,Li-Rb-O,Li,Rb,O,RbLiO_28545_POSCAR,-0.0918311757408767,6.304516938,-0.12218593352166,-0.0303547577807832,5.604015056,8.5811480545,35,local_max_drop,mp-28545,RbLiO,Orthorhombic,Pnma,62,0.001270019166666,-1.596113124444444,False,2.254299999999999,False,3.554029579556402,12,202.6050118156359,16.883750984636325,218.3641131393158,1.0777823864397797,107.77823864397797
s-block,Li-Rb-O,Li,Rb,O,RbLi2O3_1095542_POSCAR,-0.0696044569504817,9.2012432,-0.092864845704354,-0.0232603887538722,8.0510878,14.08940365,35,local_max_drop,mp-1095542,RbLi2O3,Monoclinic,P2_1/m,11,0.328233001666666,-1.188696103194444,False,0.0,True,2.461795499729973,12,198.77939545103703,16.56494962091975,131.56815779561538,0.661880259254652,66.1880259254652
s-block,Mg-Ba-O,Mg,Ba,O,Ba2MgO3_779511_POSCAR,-0.1725373180014359,10.1023839066,-0.2332997679935,-0.060762449992064,8.4729671475,15.9682842394,35,local_max_drop,mp-779511,Ba2MgO3,Monoclinic,C2/c,15,0.030436195416666,-2.864761999583333,False,3.6313,False,5.213934889802502,24,441.99706856570924,18.41654452357122,394.4576866231407,0.8924441239014663,89.24441239014664
s-block,Mg-Ba-O,Mg,Ba,O,BaMgO2_756018_POSCAR,-0.0726752665787847,8.963161515,-0.10274986078431,-0.0300745942055252,7.768073313,14.6398304745,35,local_max_drop,mp-756018,BaMgO2,Trigonal,P3_121,152,0.037724884166666,-2.893251054583333,False,3.1602,False,4.561553749238541,12,211.46183475365197,17.62181956280433,167.34118012672786,0.7913540536602095,79.13540536602095
s-block,Na-Ba-O,Na,Ba,O,BaNa6O4_779453_POSCAR,-0.3781585590386352,15.0505089049,-0.52787362566264,-0.1497150666240047,13.1691952918,23.0460917606,35,local_max_drop,mp-779453,BaNa6O4,Cubic,I-43m,217,0.030481822727272,-1.64942123075235,False,1.648199999999999,False,2.947442642502151,44,764.5405067947806,17.375920608972287,645.6456289516659,0.844488451839441,84.4488451839441
s-block,Na-Ba-O,Na,Ba,O,Ba2Na2O3_752395_POSCAR,-0.2601773205605336,11.1305221,-0.3512902002598,-0.0911128796992663,9.6943257,17.5934059,35,local_max_drop,mp-752395,Ba2Na2O3,Tetragonal,P4_32_12,96,0.081137966071429,-2.143403017894088,False,2.1748,False,4.276527359106488,28,572.546228906111,20.448079603789676,500.77539818528294,0.8746462257590079,87.46462257590079
s-block,Na-Ba-O,Na,Ba,O,BaNa6O4_755322_POSCAR,-0.1860668062166302,12.848592448,-0.26557115248862,-0.0795043462719897,11.242518392,19.674407186,35,local_max_drop,mp-755322,BaNa6O4,Tetragonal,P4_2/nmc,137,0.018034260454546,-1.661868793025077,False,1.8735,False,3.113529296226795,22,361.8786077778055,16.449027626263884,322.82281447583273,0.8920748768715472,89.20748768715472
s-block,Na-Ba-O,Na,Ba,O,BaNa2O2_756521_POSCAR,-0.1767392562187892,10.80806785,-0.24436113913373,-0.0676218829149408,9.41347845,17.08372015,35,local_max_drop,mp-756521,BaNa2O2,Monoclinic,P2_1/c,14,0.088983384000001,-1.895916910551723,False,1.9497,False,3.687079632697593,20,387.8656950537391,19.393284752686956,329.43928506444627,0.8493643270483155,84.93643270483156
s-block,Na-Ba-O,Na,Ba,O,BaNa4O3_756084_POSCAR,-0.1438781355420102,10.6316971859,-0.20153483401935,-0.0576566984773397,9.259865291,16.8049407132,35,local_max_drop,mp-756084,BaNa4O3,Monoclinic,Cc,9,0.056037681250001,-1.719177010064655,False,1.7869000000000002,False,3.086961243518458,16,298.3136733185796,18.644604582411226,243.771228504028,0.817164113840991,81.7164113840991
s-block,Na-Ba-O,Na,Ba,O,BaNa4O3_756090_POSCAR,-0.1374669495691469,14.6237480081,-0.19071136891552,-0.0532444193463731,12.7368127813,23.114956529,35,local_max_drop,mp-756090,BaNa4O3,Monoclinic,Cc,9,0.093926581250001,-1.6812881100646542,False,1.5476,False,2.966503916066661,16,310.42694553453083,19.401684095908177,243.771228504028,0.7852772834660763,78.52772834660763
s-block,Na-Ba-O,Na,Ba,O,Ba2Na2O3_752689_POSCAR,-0.1210162706748418,9.3599044,-0.16596083114281,-0.0449445604679681,8.1521748,14.7946876,35,local_max_drop,mp-752689,Ba2Na2O3,Monoclinic,P2_1/c,14,0.086927897857142,-2.137613086108374,False,2.2975,False,4.41141962238619,14,277.51946342284174,19.822818815917266,250.38769909264158,0.9022347333928759,90.22347333928758
s-block,Na-Ba-O,Na,Ba,O,BaNa2O2_755391_POSCAR,-0.0807883731848228,10.992165808,-0.1128965374924,-0.0321081643075771,9.2746399005,16.8317538935,35,local_max_drop,mp-755391,BaNa2O2,Orthorhombic,Cmc2_1,36,0.061551496000001,-1.923348798551724,False,1.5152,False,3.615630360957872,10,197.76519739836505,19.776519739836505,164.7196425322232,0.8329051051405314,83.29051051405314
s-block,Na-Ba-O,Na,Ba,O,Ba2NaO_1019519_POSCAR,-0.0636297924539813,11.406530241,-0.088528244170813,-0.0248984517168316,9.716673909,20.700740067,35,local_max_drop,mp-1019519,Ba2NaO,Orthorhombic,Cmme,67,0.0,-1.448841951594827,True,0.0,True,2.855418573709402,8,364.7918664448433,45.598983305605415,207.2491248205934,0.5681297854592642,56.81297854592642
s-block,Na-Be-O,Na,Be,O,Na2BeO2_28588_POSCAR,-0.2672822139103636,8.438605152,-0.4137344673958,-0.1464522534854364,7.120073097,12.921614139,35,local_max_drop,mp-28588,Na2BeO2,Monoclinic,P2_1/c,14,0.0,-2.171202476301724,True,2.725,False,2.496288066967429,40,462.9310525571902,11.573276313929755,355.48821524191624,0.7679074740789817,76.79074740789818
s-block,Na-Be-O,Na,Be,O,Na6BeO4_755546_POSCAR,-0.1592471897816658,12.434874213,-0.24518905512255,-0.0859418653408841,10.971947835,17.9208481305,35,local_max_drop,mp-755546,Na6BeO4,Hexagonal,P6_3mc,186,0.034635468977272,-1.729950394388714,False,1.9848,False,2.621223760425118,22,267.27062453457876,12.148664751571761,246.97522575408865,0.924064237078683,92.4064237078683
s-block,Na-Be-O,Na,Be,O,Na6Be8O11_28559_POSCAR,-0.1246783869055815,8.0522480991,-0.20746029873642,-0.0827819118308384,7.0132483444,12.7277469954,35,local_max_drop,mp-28559,Na6Be8O11,Triclinic,P-1,2,0.0,-2.547090591731034,True,3.6417,False,2.50154612767694,25,256.248330235273,10.24993320941092,157.85925031240433,0.6160401129929968,61.60401129929968
s-block,Na-Be-O,Na,Be,O,Na2Be2O3_754663_POSCAR,-0.077718663086918,8.4998528,-0.13325407355239,-0.0555354104654719,6.9061304,13.0153996,35,local_max_drop,mp-754663,Na2Be2O3,Monoclinic,P2_1/c,14,0.035103297642853,-2.404590689679803,False,4.267200000000001,False,2.872202646620022,14,129.50608984272463,9.250434988766045,98.69252164915343,0.7620685773851102,76.20685773851102
s-block,Na-Be-O,Na,Be,O,NaBeO2_753443_POSCAR,-0.0647095327774445,11.899259923,-0.11592804695159,-0.0512185141741454,9.6681486874,18.2207417571,35,local_max_drop,mp-753443,NaBeO2,Monoclinic,C2/c,15,0.122918147083333,-2.077557951594827,False,2.8764000000000003,False,2.709553938249347,16,156.89039619111068,9.805649761944418,101.10104250658398,0.6444055529277343,64.44055529277342
s-block,Na-Be-O,Na,Be,O,Na2Be2O3_755789_POSCAR,-0.057107620045655,10.903197,-0.093349126037952,-0.0362415059922969,9.8128773,17.8085551,35,local_max_drop,mp-755789,Na2Be2O3,Monoclinic,P2_1/c,14,0.095560400499996,-2.34413358682266,False,3.0523,False,1.891965247181159,14,196.60389337301544,14.043135240929674,98.69252164915343,0.5019866084844244,50.198660848442444
s-block,Na-K-S,Na,K,S,KNaS_28383_POSCAR,-0.1010713229012991,7.416370912,-0.14630294377628,-0.0452316208749808,6.489324548,11.356317959,35,local_max_drop,mp-28383,KNaS,Orthorhombic,Pnma,62,0.0,-1.285839426354165,True,2.4851,False,2.096890130118769,12,298.2413766636039,24.853448055300323,236.20333286345996,0.7919871330592783,79.19871330592782
s-block,Na-Mg-O,Na,Mg,O,Na6MgO4_753816_POSCAR,-0.1737583390490534,12.4191259665,-0.26852160452034,-0.0947632654712866,10.9137773645,18.4405203745,35,local_max_drop,mp-753816,Na6MgO4,Hexagonal,P6_3mc,186,0.010878314999999,-1.7080550043887142,False,2.098999999999999,False,2.631876116057763,22,285.4863682322958,12.97665310146799,263.0474881061479,0.9214012204327399,92.14012204327399
s-block,Na-Mg-O,Na,Mg,O,Na6MgO4_755084_POSCAR,-0.1408560049251295,12.506278905,-0.22421497698379,-0.0833589720586604,11.034951975,18.0237548925,35,local_max_drop,mp-755084,Na6MgO4,Tetragonal,P4_2/nmc,137,0.019263853636362,-1.69966946575235,False,2.319,False,2.563423919636553,22,293.10983191963146,13.323174178165067,263.0474881061479,0.8974365901798667,89.74365901798666
s-block,Na-Mg-O,Na,Mg,O,Na4MgO3_754369_POSCAR,-0.115570912953621,9.24127321,-0.18079704871819,-0.0652261357645689,8.0488508603,14.6071737836,35,local_max_drop,mp-754369,Na4MgO3,Monoclinic,Cc,9,0.070125490624999,-1.758755816314655,False,1.658999999999999,False,2.189288940893069,16,249.18038335712282,15.573773959820176,183.99590213434308,0.7384044428194093,73.84044428194093
s-block,Rb-Be-O,Rb,Be,O,Rb2Be2O3_755752_POSCAR,-0.0951328837128353,9.3672343625,-0.16494605249468,-0.0698131687818446,8.2966932925,13.1141281075,35,local_max_drop,mp-755752,Rb2Be2O3,Orthorhombic,Pnma,62,0.0,-2.3777233978571437,True,2.455,False,3.573784982178108,28,440.40510599716845,15.72875378561316,400.9168178740822,0.9103364434577192,91.03364434577192
s-block,Rb-Be-O,Rb,Be,O,Rb2Be2O3_1345479_POSCAR,-0.074320818346162,14.0185822,-0.13423482886429,-0.0599140105181279,12.8819404,18.5651494,35,local_max_drop,mp-1345479,Rb2Be2O3,Tetragonal,P4_12_12,92,0.031245933214285,-2.346477464642857,False,3.6315,False,3.708310170957122,28,424.4286700216904,15.158166786488943,400.9168178740822,0.9446035251426191,94.46035251426191
s-block,Rb-Be-O,Rb,Be,O,Rb2Be2O3_771976_POSCAR,-0.074320818346162,14.0185822,-0.13423482886429,-0.0599140105181279,12.8819404,18.5651494,35,local_max_drop,mp-771976,Rb2Be2O3,Tetragonal,P4_32_12,96,0.031250121071428,-2.346473276785715,False,3.9127,False,3.708310170957122,28,424.4286700216904,15.158166786488943,400.9168178740822,0.9446035251426191,94.46035251426191
s-block,Rb-Cs-O,Rb,Cs,O,Cs11Rb7O3_572722_POSCAR,-0.2947398697226531,15.4960287,-0.46649056736128,-0.1717506976386268,10.48260765,22.33251195,35,local_max_drop,mp-572722,Cs11Rb7O3,Orthorhombic,P2_12_12_1,19,0.008909219794744,-0.516089229343186,False,0.0,True,2.127047032411553,84,6583.404737593901,78.37386592373691,3940.6984151153156,0.5985806086951233,59.85806086951233
s-block,Rb-Cs-O,Rb,Cs,O,CsRbO_754171_POSCAR,-0.0813441923487838,9.0721512,-0.10633092361193,-0.0249867312631461,8.3161386,12.3482058,35,local_max_drop,mp-754171,CsRbO,Orthorhombic,Pnma,62,0.064482956666668,-1.092224502385057,False,1.253599999999999,False,4.337845361616444,12,358.87396822976444,29.906164019147038,426.62459622211367,1.1887866883367053,118.87866883367053
s-block,Rb-Mg-O,Rb,Mg,O,Rb2MgO2_778256_POSCAR,-0.196385547747716,11.0318916,-0.30970005558905,-0.113314507841334,9.734022,15.8989026,35,local_max_drop,mp-778256,Rb2MgO2,Monoclinic,P2_1/c,14,0.021852682749999,-1.879201735749999,False,1.8309,False,3.333140571903006,40,905.6681361364797,22.64170340341199,826.8408138017048,0.9129622439064192,91.29622439064192
s-block,Rb-Mg-O,Rb,Mg,O,Rb2MgO2_756372_POSCAR,-0.0889948964657171,10.1456658,-0.14400283998191,-0.0550079435161928,9.0183696,13.80937845,35,local_max_drop,mp-756372,Rb2MgO2,Orthorhombic,Pbcn,60,0.0032647055,-1.897789712999999,False,2.6062000000000003,False,3.752263942353041,20,402.25304719274567,20.112652359637284,413.4204069008522,1.0277620263812581,102.77620263812581
s-block,Rb-Mg-O,Rb,Mg,O,Rb2MgO2_1541753_POSCAR,-0.0863639753520125,19.706438466,-0.14382464208546,-0.0574606667334474,18.0642352605,26.8226523565,35,local_max_drop,mp-1541753,Rb2MgO2,Orthorhombic,Ibam,72,0.0,-1.9010544184999991,True,2.311099999999999,False,3.974967516491585,20,379.71621111892205,18.985810555946102,413.4204069008522,1.088761540316156,108.87615403161558
s-block,Sr-Ba-O,Sr,Ba,O,Ba3Sr4O7_760515_POSCAR,-0.1271229568344997,8.2055374977,-0.16379167546324,-0.0366687186287403,6.6173689498,12.9700431415,35,local_max_drop,mp-760515,Ba3Sr4O7,Orthorhombic,Immm,71,0.038797038571428,-2.9288347089285702,False,2.4311,False,5.288732126048971,14,274.55912793359363,19.611366280970973,257.55654963435063,0.9380731632300517,93.80731632300517
s-block,Sr-Ba-O,Sr,Ba,O,Ba3SrO4_1079882_POSCAR,-0.0765420254768794,8.298702,-0.095970612456357,-0.0194285869794776,6.6389616,13.5545466,35,local_max_drop,mp-1079882,Ba3SrO4,Cubic,Pm-3m,221,0.036794476249999,-2.849843436249999,False,2.1745,False,5.526653937390982,8,169.33889904872078,21.167362381090097,160.76570103905834,0.9493725419391335,94.93725419391335
s-block,Sr-Ba-O,Sr,Ba,O,BaSr3O4_984729_POSCAR,-0.0705232647300662,7.9915425,-0.093185634254558,-0.0226623695244917,6.65961875,13.05285275,35,local_max_drop,mp-984729,BaSr3O4,Cubic,Pm-3m,221,0.044253557499999,-2.968374765,False,2.5199,False,5.097083665801495,8,151.22307439952326,18.902884299940407,139.62487687550143,0.9233040488690237,92.33040488690237
